id,trialPan-1,trialPan-2,trialPan-3,trialPan-4,trialPan-5,trialPan-6,trialPan-7,trialPan-8,NasaTLX1_mental,NasaTLX1_physical,NasaTLX1_temporal,NasaTLX1_performance,NasaTLX1_effort,NasaTLX1_frustration,trialMonaural-1,trialMonaural-2,trialMonaural-3,trialMonaural-4,trialMonaural-5,trialMonaural-6,trialMonaural-7,trialMonaural-8,NasaTLX2_mental,NasaTLX2_physical,NasaTLX2_temporal,NasaTLX2_performance,NasaTLX2_effort,NasaTLX2_frustration,Age,Gender,Nationality,musical_ability,anxiety_level,hearing_level
5ead995d-c1cc-4d34-bf21-f1881413451f,0.6666666666666666,0.12,0.16326530612244897,0.24691358024691357,0.17355371900826444,0.1183431952662722,0.14222222222222222,0.20761245674740486,96,23,66,50,50,100,0.2222222222222222,0.8,0.24489795918367344,0.19753086419753085,0.20661157024793386,0.2366863905325444,0.24,0.2422145328719723,95,50,76,23,24,100,22,Man,White,Intermediate,Moderate,Average
7446e85b-22c4-4018-8cc2-34fdfa35f316,1,0.24,0.24489795918367344,0,0,0,0,0,27,0,26,50,50,50,1,0.24,0.18367346938775508,0.19753086419753085,0.1983471074380165,0,0,0,24,18,25,50,50,50,61,male,White,Beginner,Moderate,Average
fc121f8c-f14b-4d93-bcd2-a44eb743dc95,1.0,0.24,0.20408163265306123,0.24691358024691357,0.17355371900826444,0.21301775147928995,0.24,0.0,83,49,68,68,64,81,1.0,0.24,0.20408163265306123,0.24691358024691357,0.17355371900826444,0.21301775147928995,0.24,0.0,82,29,73,74,68,70,28,Male ,American ,Intermediate,High,Above Average
